{
  "resourceType" : "Bundle",
  "id" : "c413cb83-359e-4859-8d3f-aa169622d414",
  "meta" : {
    "lastUpdated" : "2023-08-15T09:55:55.561+00:00"
  },
  "type" : "collection",
  "entry" : [{
    "fullUrl" : "http://worldhealthorganization.github.io/who.fhir.smart-base/ValueSet/SMARTPersonasVS",
    "resource" : {
      "resourceType" : "ValueSet",
      "text" : {
        "status" : "generated",
        "div" : "<div xmlns=\"http://www.w3.org/1999/xhtml\"><p>This value set contains 0 concepts</p><table class=\"codes\"><tr><td style=\"white-space:nowrap\"><b>Code</b></td><td><b>System</b></td><td><b>Display</b></td></tr></table></div>"
      },
      "url" : "http://worldhealthorganization.github.io/who.fhir.smart-base/ValueSet/SMARTPersonasVS",
      "version" : "0.1.0",
      "name" : "SMARTPersonasVS",
      "title" : "SMART Guidelines Personas",
      "status" : "draft",
      "experimental" : false,
      "date" : "2023-08-15T09:55:55+00:00",
      "expansion" : {
        "identifier" : "urn:uuid:75ab5935-dec5-4913-9236-f2531799f5a4",
        "timestamp" : "2023-08-15T09:56:34+00:00",
        "total" : 0,
        "parameter" : [{
          "name" : "excludeNested",
          "valueBoolean" : false
        }]
      }
    }
  }]
}