<?xml version="1.0" encoding="UTF-8"?>

<Bundle xmlns="http://hl7.org/fhir">
  <id value="c413cb83-359e-4859-8d3f-aa169622d414"/>
  <meta>
    <lastUpdated value="2023-08-15T09:55:55.561+00:00"/>
  </meta>
  <type value="collection"/>
  <entry>
    <fullUrl value="http://worldhealthorganization.github.io/who.fhir.smart-base/ValueSet/SMARTPersonasVS"/>
    <resource>
      <ValueSet>
        <text>
          <status value="generated"/>
          <div xmlns="http://www.w3.org/1999/xhtml">
            <p>This value set contains 0 concepts</p>
            <table class="codes">
              <tr>
                <td style="white-space:nowrap">
                  <b>Code</b>
                </td>
                <td>
                  <b>System</b>
                </td>
                <td>
                  <b>Display</b>
                </td>
              </tr>
            </table>
          </div>
        </text>
        <url value="http://worldhealthorganization.github.io/who.fhir.smart-base/ValueSet/SMARTPersonasVS"/>
        <version value="0.1.0"/>
        <name value="SMARTPersonasVS"/>
        <title value="SMART Guidelines Personas"/>
        <status value="draft"/>
        <experimental value="false"/>
        <date value="2023-08-15T09:55:55+00:00"/>
        <expansion>
          <identifier value="urn:uuid:75ab5935-dec5-4913-9236-f2531799f5a4"/>
          <timestamp value="2023-08-15T09:56:34+00:00"/>
          <total value="0"/>
          <parameter>
            <name value="excludeNested"/>
            <valueBoolean value="false"/>
          </parameter>
        </expansion>
      </ValueSet>
    </resource>
  </entry>
</Bundle>