<?xml version="1.0" encoding="UTF-8"?>

<ValueSet xmlns="http://hl7.org/fhir">
  <id value="SMARTPersonasVS"/>
  <text>
    <status value="generated"/><div xmlns="http://www.w3.org/1999/xhtml"><p>This value set includes codes based on the following rules:</p><ul/></div>
  </text>
  <url value="http://worldhealthorganization.github.io/who.fhir.smart-base/ValueSet/SMARTPersonasVS"/>
  <version value="0.1.0"/>
  <name value="SMARTPersonasVS"/>
  <title value="SMART Guidelines Personas"/>
  <status value="draft"/>
  <experimental value="false"/>
  <date value="2023-08-15T09:55:55+00:00"/>
  <publisher value="WHO"/>
  <contact>
    <name value="WHO"/>
    <telecom>
      <system value="url"/>
      <value value="http://who.int"/>
    </telecom>
  </contact>
  <description value="SMART Guidelines personas"/>
</ValueSet>